{
	"$schema": "https://raw.githubusercontent.com/martinring/tmlanguage/master/tmlanguage.json",
	"name": "FSIM",
	"patterns": [
		{
			"include": "#ctrl-statements"
		},
		{
			"include": "#reserved-words"
		},
		{
			"include": "#strings"
		},
		{
			"include": "#numbers"
		},
		{
			"include": "#comments"
		},
		{
			"include": "#comments-inline"
		},
		{
			"include": "#paren-expression"
		},
		{
			"include": "#operators"
		},
		{
			"include": "#constant"
		},
		{
			"captures": {
				"2":{
					"name": "entity.name.function.fsim"
				},
				"1": {
					"name": "storage.type.built-in.primitive.fsim"
				},
				"0":{
					"name": "punctuation.definition.parameters.fsim"
				}
			}
		},
		{
			"include": "#expression"
		},
		{
			"include": "#buildin"
		}
	],
	"repository": {
		"numbers": { 
			"patterns": [{
				"name": "keyword.other.unit.suffix.integer.fsim",
				"match": "(^-?[0-9][0-9\\.]+$)"
			}]
		},
		"buildin": {
			"patterns": [{
				"name": "entity.name.function.member.fsim" ,
				"match": "\\b(print|len)\\b"
			}]
		},
		"ctrl-statements": {
			"patterns": [{
				"name": "keyword.control.fsim" ,
				"match": "\\b(filter|for|if|elif|else|return|by|in|OR|AND|NOT|function|variables|execute|strategy)\\b"
			}]
		},
		"reserved-words": {
			"patterns": [{
				"name": "keyword.other.fsim",				
				"match": "\\b(player|team|game|manager|referee|goalkeeper|rangeint|rangefloat|int|bool|str|object|void|report|rangebool|rangechoice)\\b"
			}]
		},
		"strings": {
			"name": "string.quoted.double.fsim",
			"begin": "\"",
			"end": "\"",
			"patterns": [
				{
					"name": "constant.character.escape.fsim",
					"match": "\\\\."
				}
			]
		},
		"expression": {
			"patterns": [ 
				{"include": "#reserved-words"},
				{"include": "#numbers"},
				{"include": "#strings"},
				{"include": "#paren-expression"}
			]
		},
		"constant": {
			"match": "\\b(?:True|False|None)\\b",
			"name": "constant.language.json"
		},
		"comments":{
			"patterns":[
				{
					"begin":"#",
					"beginCaptures":{
						"0":{
							"name": "punctuation.definition.comment.fsim"
						}
					},
					"end": "\\n",
					"name": "comment.block.empty.fsim"
				}

			] 
		},
		"comments-inline":{
			"patterns" : [
				{
					"begin":"/#",
					"captures": {
						"0": {
							"name": "punctuation.definition.comment.fsim"
						}
					},
					"end": "#/",
					"name": "comment.block.fsim"
				}
			]
		},
		"operators":{
			"patterns": [
				{
					"match": "<=|>=|==|<|>|=>",
					"name": "keyword.operator.comparison.fsim"
				},
				{
					"match": "%|\\*|/|-|\\+",
					"name": "keyword.operator.fsim"
				}
			]
		}
	},
	"scopeName": "source.fsim"
}